N_count,S_count,E_count,W_count,N_queue,S_queue,E_queue,W_queue,N_arrival,S_arrival,E_arrival,W_arrival,N_speed,S_speed,E_speed,W_speed,N_queue_growth,S_queue_growth,E_queue_growth,W_queue_growth,current_phase,elapsed_phase_time,scenario_id,true_N_rate,true_S_rate,true_E_rate,true_W_rate,target_plan,best_delay
27.0,20.0,5.0,11.0,8.0,4.0,2.0,6.0,22.0,28.0,12.0,18.0,1.39,2.08,10.31,9.65,-12.0,-11.0,1.0,3.0,0.0,0.0,1,22.2,20.2,13.3,16.4,P4,30.18
34.0,15.0,7.0,6.0,15.0,0.0,1.0,1.0,36.0,16.0,16.0,16.0,1.41,2.07,9.28,10.86,-12.0,-11.0,1.0,1.0,0.0,0.0,2,26.7,18.3,12.6,13.4,P4,29.19
14.0,15.0,10.0,10.0,0.0,1.0,5.0,4.0,10.0,12.0,28.0,22.0,1.38,0.54,10.24,9.5,-9.0,-11.0,0.0,2.0,0.0,0.0,3,19.8,19.7,18.3,18.5,P3,21.38
16.0,14.0,37.0,11.0,0.0,0.0,33.0,6.0,16.0,18.0,50.0,24.0,1.9,2.71,9.15,9.18,-12.0,-9.0,6.0,1.0,0.0,0.0,4,13.7,8.0,34.4,27.0,P1,35.49
41.0,29.0,2.0,2.0,22.0,10.0,0.0,0.0,32.0,16.0,6.0,6.0,1.4,1.4,10.11,12.1,-8.0,-15.0,0.0,0.0,0.0,0.0,5,38.5,27.2,8.8,5.5,P7,39.12
6.0,9.0,36.0,17.0,0.0,0.0,30.0,12.0,8.0,10.0,54.0,34.0,4.97,3.18,10.07,10.53,-3.0,-4.0,4.0,3.0,0.0,0.0,6,5.5,9.2,41.4,33.1,P1,36.03
18.0,27.0,8.0,12.0,0.0,8.0,3.0,6.0,8.0,28.0,14.0,24.0,1.4,1.4,9.65,10.52,-15.0,-14.0,3.0,4.0,0.0,0.0,7,22.5,34.3,18.2,22.9,P5,27.78
47.0,30.0,0.0,1.0,29.0,12.0,0.0,0.0,52.0,32.0,4.0,2.0,1.5,1.51,13.89,11.25,-8.0,-9.0,0.0,0.0,0.0,0.0,8,41.2,32.0,5.2,6.1,P7,39.62
14.0,18.0,23.0,14.0,1.0,3.0,18.0,9.0,18.0,22.0,34.0,32.0,3.11,1.88,10.58,10.42,-7.0,-6.0,8.0,2.0,0.0,0.0,9,14.9,14.0,34.9,23.8,P4,28.91
21.0,18.0,8.0,6.0,3.0,1.0,2.0,2.0,16.0,16.0,20.0,14.0,1.49,1.75,10.76,10.31,-13.0,-11.0,0.0,0.0,0.0,0.0,10,25.2,17.9,18.0,13.7,P3,21.43
11.0,17.0,8.0,12.0,0.0,1.0,3.0,7.0,8.0,22.0,18.0,24.0,1.83,2.07,10.0,9.59,-8.0,-9.0,0.0,4.0,0.0,0.0,11,12.9,12.8,28.6,26.3,P1,23.09
37.0,23.0,7.0,5.0,18.0,5.0,2.0,2.0,44.0,26.0,20.0,10.0,1.32,1.56,10.31,8.97,-6.0,-12.0,1.0,2.0,0.0,0.0,12,29.3,23.8,14.9,12.5,P4,30.9
33.0,25.0,1.0,3.0,14.0,9.0,0.0,1.0,34.0,32.0,6.0,10.0,1.31,1.98,13.56,9.07,-11.0,-6.0,0.0,1.0,0.0,0.0,13,33.5,28.4,13.4,9.6,P7,29.61
14.0,31.0,9.0,17.0,0.0,13.0,4.0,11.0,14.0,34.0,24.0,30.0,2.31,1.48,9.49,10.62,-8.0,-11.0,3.0,1.0,0.0,0.0,14,21.2,19.5,23.7,22.0,P3,29.74
48.0,27.0,6.0,2.0,29.0,9.0,1.0,1.0,42.0,26.0,16.0,6.0,1.4,1.55,10.49,8.83,-7.0,-10.0,0.0,1.0,0.0,0.0,15,37.9,30.0,9.4,8.2,P7,39.27
6.0,11.0,21.0,17.0,0.0,0.0,15.0,11.0,8.0,10.0,42.0,36.0,0.34,1.25,10.29,9.7,-4.0,-9.0,2.0,5.0,0.0,0.0,16,13.6,13.5,26.5,20.1,P3,29.32
9.0,4.0,25.0,22.0,0.0,0.0,19.0,17.0,6.0,2.0,42.0,32.0,1.63,0.25,9.86,10.15,-6.0,-3.0,5.0,2.0,0.0,0.0,17,9.5,7.0,38.0,35.0,P1,34.87
11.0,5.0,4.0,14.0,0.0,0.0,1.0,8.0,14.0,4.0,12.0,24.0,3.51,2.51,10.28,10.23,-5.0,-3.0,1.0,-2.0,0.0,0.0,18,10.5,9.3,11.0,24.9,P2,22.88
5.0,7.0,27.0,16.0,0.0,0.0,22.0,12.0,8.0,6.0,52.0,32.0,2.67,2.61,9.53,9.39,-3.0,-4.0,3.0,5.0,0.0,0.0,19,8.0,6.9,41.4,29.7,P1,31.47
11.0,14.0,19.0,15.0,0.0,0.0,13.0,10.0,16.0,16.0,44.0,36.0,3.48,1.24,9.59,10.43,-4.0,-10.0,7.0,2.0,0.0,0.0,20,14.8,14.0,28.1,27.2,P1,27.16
12.0,6.0,17.0,10.0,0.0,0.0,11.0,6.0,16.0,2.0,20.0,16.0,2.3,1.26,10.0,9.26,-7.0,-5.0,-2.0,2.0,0.0,0.0,21,13.4,10.4,30.3,21.6,P1,28.29
18.0,21.0,13.0,8.0,5.0,3.0,9.0,4.0,30.0,18.0,20.0,20.0,3.45,1.48,10.43,9.33,-1.0,-11.0,4.0,3.0,0.0,0.0,22,25.3,22.3,23.4,21.8,P3,27.05
26.0,23.0,8.0,10.0,7.0,7.0,3.0,4.0,30.0,32.0,18.0,26.0,1.39,2.01,9.62,9.45,-13.0,-8.0,1.0,3.0,0.0,0.0,23,29.0,20.4,15.8,15.7,P5,30.47
11.0,15.0,22.0,20.0,0.0,0.0,17.0,14.0,14.0,18.0,32.0,34.0,3.17,2.57,10.11,10.13,-7.0,-12.0,3.0,0.0,0.0,0.0,24,14.2,13.0,29.6,25.4,P3,34.47
31.0,26.0,11.0,14.0,15.0,7.0,6.0,9.0,50.0,22.0,24.0,28.0,2.2,1.39,10.55,9.24,-10.0,-14.0,5.0,5.0,0.0,0.0,25,19.1,17.2,18.5,21.6,P4,32.36
7.0,12.0,29.0,4.0,0.0,0.0,24.0,0.0,8.0,12.0,46.0,12.0,3.82,1.53,10.37,9.51,-3.0,-8.0,8.0,0.0,0.0,0.0,26,9.7,9.7,32.5,20.8,P1,29.86
34.0,37.0,13.0,5.0,15.0,19.0,8.0,0.0,34.0,30.0,18.0,16.0,1.4,1.5,9.61,10.24,-10.0,-8.0,2.0,-1.0,0.0,0.0,27,30.0,34.4,22.4,11.4,P4,38.98
44.0,13.0,15.0,15.0,25.0,0.0,10.0,10.0,50.0,10.0,28.0,30.0,1.39,1.72,10.62,9.5,-9.0,-8.0,3.0,1.0,0.0,0.0,28,33.6,12.5,22.2,24.4,P2,37.57
29.0,26.0,3.0,3.0,12.0,8.0,1.0,0.0,32.0,22.0,12.0,14.0,1.76,1.5,10.23,10.92,-10.0,-14.0,1.0,0.0,0.0,0.0,29,35.4,27.6,12.8,13.0,P7,31.26
7.0,3.0,22.0,21.0,0.0,0.0,16.0,16.0,12.0,4.0,40.0,36.0,5.83,3.82,9.73,10.02,-3.0,-1.0,7.0,5.0,0.0,0.0,30,10.0,8.2,39.9,30.2,P1,32.43
28.0,25.0,7.0,4.0,9.0,8.0,1.0,2.0,30.0,34.0,20.0,12.0,1.41,1.67,10.5,8.64,-12.0,-10.0,0.0,2.0,0.0,0.0,31,24.0,18.5,12.1,15.3,P5,28.0
28.0,18.0,0.0,4.0,10.0,0.0,0.0,1.0,24.0,14.0,2.0,10.0,1.51,1.5,13.58,10.8,-11.0,-12.0,0.0,1.0,0.0,0.0,32,28.1,27.1,8.4,8.5,P7,24.28
32.0,21.0,16.0,8.0,13.0,4.0,11.0,4.0,36.0,22.0,38.0,20.0,1.41,1.72,9.95,10.52,-7.0,-9.0,7.0,3.0,0.0,0.0,33,20.2,21.0,23.2,20.9,P5,29.83
21.0,14.0,13.0,13.0,3.0,1.0,8.0,9.0,22.0,14.0,30.0,26.0,1.49,1.49,9.55,9.2,-10.0,-8.0,2.0,4.0,0.0,0.0,34,16.3,17.3,26.6,19.9,P2,25.19
24.0,11.0,1.0,9.0,6.0,1.0,0.0,5.0,26.0,12.0,4.0,22.0,1.48,2.11,12.57,9.32,-12.0,-5.0,0.0,2.0,0.0,0.0,35,29.8,13.1,10.6,19.6,P6,24.37
11.0,12.0,25.0,28.0,1.0,0.0,20.0,23.0,14.0,14.0,38.0,52.0,3.0,2.59,9.98,10.52,-4.0,-7.0,9.0,6.0,0.0,0.0,36,7.1,9.3,36.5,31.5,P1,34.84
19.0,20.0,16.0,5.0,1.0,4.0,11.0,1.0,18.0,22.0,34.0,12.0,1.6,2.02,9.6,10.73,-11.0,-7.0,5.0,1.0,0.0,0.0,37,22.5,23.8,16.8,12.7,P5,25.27
28.0,26.0,8.0,3.0,11.0,7.0,3.0,0.0,32.0,26.0,22.0,10.0,1.91,1.39,9.9,9.55,-6.0,-12.0,2.0,0.0,0.0,0.0,38,29.5,24.5,11.0,9.9,P6,31.28
35.0,19.0,4.0,2.0,17.0,1.0,0.0,0.0,44.0,14.0,12.0,10.0,1.51,1.36,11.52,12.88,-8.0,-12.0,-1.0,0.0,0.0,0.0,39,35.0,20.8,13.7,14.0,P6,29.05
22.0,25.0,3.0,4.0,3.0,7.0,1.0,0.0,20.0,28.0,8.0,10.0,1.41,1.5,11.85,10.4,-11.0,-10.0,1.0,-1.0,0.0,0.0,40,22.4,26.0,17.0,17.8,P7,28.56
34.0,36.0,5.0,5.0,16.0,18.0,0.0,1.0,34.0,28.0,12.0,14.0,1.5,1.5,10.45,11.03,-8.0,-10.0,-3.0,1.0,0.0,0.0,41,29.3,24.9,9.5,10.8,P6,38.98
15.0,7.0,5.0,8.0,0.0,0.0,2.0,2.0,12.0,6.0,14.0,20.0,1.55,2.05,10.47,9.77,-10.0,-4.0,2.0,-3.0,0.0,0.0,42,11.5,13.4,16.1,15.4,P1,19.13
8.0,11.0,23.0,8.0,0.0,1.0,17.0,4.0,10.0,10.0,28.0,20.0,3.09,1.52,9.69,9.55,-3.0,-6.0,4.0,0.0,0.0,0.0,43,11.0,14.7,36.0,25.6,P2,30.15
11.0,14.0,19.0,7.0,1.0,0.0,13.0,1.0,12.0,16.0,38.0,16.0,1.72,2.25,9.66,9.83,-6.0,-8.0,5.0,-1.0,0.0,0.0,44,12.2,16.0,34.2,23.6,P4,23.97
28.0,26.0,12.0,8.0,9.0,7.0,7.0,3.0,32.0,24.0,32.0,18.0,1.41,1.33,10.32,9.97,-12.0,-12.0,0.0,3.0,0.0,0.0,45,18.8,21.4,21.0,22.7,P4,32.94
15.0,23.0,21.0,6.0,0.0,5.0,15.0,2.0,18.0,30.0,28.0,16.0,2.23,1.56,8.69,9.09,-8.0,-14.0,2.0,2.0,0.0,0.0,46,12.3,15.0,28.8,18.5,P2,30.53
35.0,22.0,7.0,9.0,16.0,4.0,2.0,4.0,42.0,28.0,18.0,20.0,1.4,1.47,9.79,9.81,-10.0,-10.0,2.0,2.0,0.0,0.0,47,27.4,19.9,12.7,17.3,P4,32.1
40.0,30.0,3.0,7.0,21.0,12.0,0.0,3.0,32.0,28.0,8.0,16.0,1.4,1.51,11.16,9.15,-10.0,-8.0,0.0,2.0,0.0,0.0,48,32.6,20.4,8.6,12.6,P5,38.11
41.0,28.0,2.0,2.0,23.0,10.0,0.0,1.0,36.0,24.0,4.0,6.0,1.51,1.48,11.22,8.9,-6.0,-12.0,0.0,1.0,0.0,0.0,49,44.4,27.0,8.6,6.2,P7,37.27
7.0,4.0,27.0,21.0,0.0,0.0,21.0,16.0,10.0,8.0,50.0,26.0,4.81,3.18,9.37,9.53,-2.0,-1.0,8.0,3.0,0.0,0.0,50,5.7,8.2,40.1,34.3,P1,36.02
24.0,29.0,5.0,6.0,6.0,10.0,1.0,1.0,22.0,18.0,14.0,20.0,1.49,1.27,9.96,10.41,-12.0,-14.0,1.0,1.0,0.0,0.0,51,22.1,23.0,15.4,12.6,P6,28.19
26.0,23.0,4.0,4.0,8.0,4.0,2.0,1.0,28.0,18.0,10.0,12.0,1.5,1.4,9.95,9.38,-6.0,-14.0,2.0,1.0,0.0,0.0,52,32.0,21.3,10.4,8.5,P6,26.76
25.0,21.0,8.0,8.0,8.0,6.0,2.0,2.0,32.0,26.0,22.0,18.0,1.83,2.42,11.0,9.46,-5.0,-5.0,1.0,1.0,0.0,0.0,53,31.0,21.6,13.8,12.9,P4,27.51
25.0,22.0,13.0,11.0,6.0,3.0,8.0,7.0,20.0,20.0,16.0,24.0,1.39,1.41,10.44,9.58,-9.0,-14.0,1.0,7.0,0.0,0.0,54,20.3,22.2,18.0,21.9,P4,27.93
12.0,9.0,20.0,11.0,2.0,0.0,14.0,6.0,14.0,10.0,30.0,22.0,1.88,1.59,9.61,9.86,-3.0,-7.0,1.0,6.0,0.0,0.0,55,8.8,8.7,32.4,22.7,P1,27.91
39.0,16.0,3.0,4.0,20.0,1.0,1.0,2.0,40.0,20.0,10.0,12.0,1.41,2.55,9.63,9.92,-10.0,-6.0,1.0,2.0,0.0,0.0,56,33.7,22.0,12.4,9.8,P7,29.59
14.0,30.0,3.0,14.0,0.0,12.0,0.0,8.0,18.0,30.0,10.0,36.0,2.29,1.48,10.81,9.84,-8.0,-10.0,0.0,0.0,0.0,0.0,57,14.8,32.5,9.4,25.1,P5,28.19
7.0,6.0,18.0,20.0,0.0,0.0,13.0,14.0,10.0,2.0,38.0,32.0,5.1,0.46,10.12,9.53,-2.0,-5.0,1.0,4.0,0.0,0.0,58,8.3,10.3,29.0,29.8,P1,32.79
16.0,11.0,22.0,11.0,1.0,0.0,17.0,5.0,18.0,6.0,38.0,26.0,2.5,0.25,9.44,9.54,-7.0,-9.0,4.0,1.0,0.0,0.0,59,16.4,15.3,25.4,18.1,P2,28.02
31.0,21.0,6.0,4.0,12.0,3.0,2.0,1.0,32.0,24.0,16.0,10.0,1.41,1.7,9.44,8.79,-8.0,-12.0,2.0,1.0,0.0,0.0,60,29.6,23.5,12.9,12.2,P4,26.62
28.0,14.0,3.0,5.0,10.0,1.0,2.0,2.0,30.0,20.0,10.0,10.0,1.56,3.44,8.69,9.86,-11.0,-5.0,2.0,1.0,0.0,0.0,61,41.2,26.5,5.6,6.5,P7,25.75
17.0,26.0,15.0,9.0,4.0,7.0,11.0,4.0,26.0,24.0,32.0,20.0,3.04,1.4,10.62,10.35,-3.0,-13.0,2.0,2.0,0.0,0.0,62,21.3,21.5,20.8,24.2,P4,29.17
11.0,9.0,23.0,10.0,1.0,0.0,17.0,5.0,22.0,12.0,32.0,26.0,5.12,4.73,9.85,10.57,-3.0,-5.0,3.0,1.0,0.0,0.0,63,9.9,8.7,44.3,27.4,P3,29.57
9.0,15.0,14.0,11.0,0.0,0.0,9.0,7.0,10.0,16.0,32.0,28.0,2.86,1.77,10.2,9.23,-4.0,-9.0,4.0,5.0,0.0,0.0,64,17.9,16.9,29.1,18.2,P3,26.46
44.0,34.0,5.0,1.0,26.0,16.0,0.0,0.0,44.0,38.0,12.0,2.0,1.48,1.49,10.09,10.7,-7.0,-9.0,-1.0,0.0,0.0,0.0,65,43.0,29.1,8.3,8.7,P6,38.57
27.0,28.0,3.0,4.0,9.0,10.0,0.0,0.0,20.0,24.0,8.0,14.0,1.48,1.49,11.19,10.54,-12.0,-12.0,-1.0,0.0,0.0,0.0,66,30.1,27.9,8.8,14.1,P6,30.77
12.0,30.0,10.0,6.0,3.0,11.0,5.0,1.0,16.0,34.0,22.0,18.0,3.84,1.4,9.39,9.65,-1.0,-9.0,4.0,0.0,0.0,0.0,67,14.0,30.0,20.4,16.2,P4,25.23
39.0,16.0,3.0,5.0,20.0,1.0,0.0,1.0,36.0,20.0,12.0,12.0,1.39,2.33,9.8,10.36,-11.0,-9.0,0.0,0.0,0.0,0.0,68,29.8,26.6,10.8,10.0,P7,29.62
22.0,18.0,8.0,0.0,4.0,0.0,3.0,0.0,26.0,16.0,20.0,2.0,1.66,1.26,10.15,13.89,-9.0,-12.0,3.0,0.0,0.0,0.0,69,29.7,20.2,15.8,14.4,P6,23.18
37.0,20.0,3.0,1.0,19.0,1.0,1.0,1.0,36.0,18.0,10.0,2.0,1.45,1.38,10.18,6.08,-10.0,-14.0,1.0,1.0,0.0,0.0,70,44.5,26.2,9.9,5.9,P7,31.72
8.0,6.0,20.0,13.0,0.0,0.0,16.0,7.0,6.0,8.0,28.0,28.0,1.77,2.42,9.5,9.73,-6.0,-4.0,4.0,4.0,0.0,0.0,71,8.3,12.2,30.8,27.9,P1,28.87
5.0,10.0,33.0,22.0,0.0,0.0,28.0,16.0,10.0,10.0,46.0,40.0,2.89,3.09,10.27,9.8,-2.0,-6.0,2.0,3.0,0.0,0.0,72,8.0,7.6,39.5,30.8,P1,40.55
6.0,8.0,27.0,10.0,0.0,0.0,22.0,5.0,4.0,6.0,36.0,24.0,0.48,2.5,9.52,10.17,-4.0,-5.0,4.0,2.0,0.0,0.0,73,8.3,11.1,32.2,28.1,P2,29.78
40.0,22.0,6.0,2.0,21.0,3.0,1.0,0.0,42.0,24.0,18.0,8.0,1.39,1.38,9.59,9.35,-9.0,-12.0,1.0,0.0,0.0,0.0,74,30.9,20.7,12.6,10.3,P5,31.18
39.0,20.0,2.0,1.0,21.0,1.0,1.0,0.0,34.0,16.0,8.0,2.0,1.5,1.3,8.6,10.44,-7.0,-13.0,1.0,0.0,0.0,0.0,75,42.0,26.2,9.5,7.5,P7,37.26
4.0,4.0,40.0,17.0,0.0,0.0,35.0,12.0,2.0,6.0,42.0,26.0,0.25,4.74,9.34,10.43,-4.0,-1.0,8.0,1.0,0.0,0.0,76,6.6,8.5,41.0,26.9,P1,39.11
11.0,10.0,36.0,13.0,0.0,1.0,32.0,8.0,10.0,14.0,44.0,22.0,3.55,0.78,9.01,9.93,-7.0,-5.0,8.0,3.0,0.0,0.0,77,8.4,9.5,41.5,28.0,P1,36.07
9.0,9.0,10.0,5.0,0.0,0.0,6.0,2.0,12.0,14.0,20.0,12.0,2.13,3.16,10.44,8.3,-5.0,-4.0,3.0,2.0,0.0,0.0,78,14.2,17.1,16.2,14.8,P5,19.38
17.0,7.0,10.0,16.0,1.0,0.0,4.0,10.0,20.0,10.0,18.0,24.0,2.21,3.07,9.95,10.2,-9.0,-4.0,1.0,-1.0,0.0,0.0,79,19.9,13.8,20.8,32.3,P4,28.1
13.0,11.0,18.0,11.0,0.0,1.0,13.0,5.0,12.0,16.0,36.0,20.0,1.67,3.88,10.5,9.82,-9.0,-4.0,9.0,1.0,0.0,0.0,80,16.0,13.7,27.3,23.0,P4,28.93
32.0,18.0,3.0,6.0,14.0,2.0,2.0,1.0,34.0,20.0,12.0,16.0,1.5,2.12,10.71,9.15,-6.0,-9.0,2.0,0.0,0.0,0.0,81,28.5,24.0,16.0,13.3,P6,30.07
42.0,17.0,2.0,2.0,24.0,0.0,1.0,0.0,40.0,8.0,8.0,6.0,1.59,1.33,10.71,12.13,-9.0,-13.0,1.0,0.0,0.0,0.0,82,29.2,20.5,14.9,12.3,P7,30.07
32.0,29.0,9.0,6.0,13.0,10.0,4.0,2.0,38.0,36.0,24.0,14.0,1.3,1.41,9.41,9.04,-9.0,-11.0,1.0,2.0,0.0,0.0,83,25.6,25.1,15.5,16.3,P4,31.09
11.0,7.0,31.0,13.0,0.0,1.0,27.0,9.0,12.0,8.0,46.0,24.0,1.62,2.88,9.09,9.42,-6.0,-2.0,11.0,2.0,0.0,0.0,84,7.5,6.2,41.9,25.1,P1,34.96
27.0,23.0,4.0,5.0,9.0,5.0,1.0,0.0,30.0,22.0,8.0,14.0,1.66,1.48,9.3,10.98,-8.0,-10.0,1.0,-1.0,0.0,0.0,85,28.2,19.8,16.8,16.2,P6,25.39
13.0,15.0,32.0,5.0,0.0,0.0,27.0,1.0,14.0,12.0,48.0,14.0,1.97,2.18,10.2,10.13,-9.0,-9.0,8.0,1.0,0.0,0.0,86,9.4,14.7,30.9,20.3,P2,30.2
21.0,31.0,17.0,21.0,3.0,13.0,11.0,16.0,26.0,32.0,14.0,36.0,1.63,1.48,9.96,10.1,-13.0,-10.0,-1.0,3.0,0.0,0.0,87,26.0,34.7,24.1,33.7,P3,34.32
29.0,26.0,9.0,20.0,11.0,8.0,4.0,14.0,26.0,28.0,24.0,28.0,1.5,1.48,10.35,9.96,-12.0,-7.0,0.0,-1.0,0.0,0.0,88,24.5,27.4,21.6,30.4,P3,33.78
36.0,21.0,15.0,11.0,17.0,3.0,10.0,5.0,38.0,24.0,26.0,28.0,1.31,1.54,9.51,9.48,-10.0,-10.0,3.0,2.0,0.0,0.0,89,32.2,28.1,20.8,15.0,P4,35.15
36.0,16.0,4.0,6.0,18.0,0.0,1.0,2.0,32.0,14.0,12.0,16.0,1.48,1.04,8.64,9.41,-9.0,-12.0,1.0,1.0,0.0,0.0,90,34.7,22.8,13.4,11.4,P5,32.11
24.0,31.0,1.0,4.0,6.0,13.0,0.0,1.0,20.0,26.0,8.0,8.0,1.47,1.55,12.21,8.9,-11.0,-12.0,0.0,1.0,0.0,0.0,91,30.2,20.8,10.0,9.9,P7,34.49
55.0,25.0,4.0,4.0,37.0,7.0,2.0,1.0,46.0,28.0,8.0,8.0,1.48,1.48,9.65,10.35,-6.0,-9.0,2.0,1.0,0.0,0.0,92,44.0,25.8,5.8,6.9,P6,41.39
16.0,12.0,14.0,11.0,0.0,0.0,9.0,6.0,18.0,14.0,28.0,28.0,2.24,1.81,10.15,9.37,-10.0,-7.0,-1.0,3.0,0.0,0.0,93,16.2,12.4,25.3,22.3,P4,25.93
10.0,9.0,29.0,28.0,0.0,0.0,24.0,23.0,8.0,8.0,28.0,42.0,2.4,0.91,9.25,10.45,-7.0,-6.0,5.0,2.0,0.0,0.0,94,5.3,9.2,39.5,32.7,P1,40.16
23.0,21.0,5.0,10.0,5.0,3.0,2.0,6.0,28.0,14.0,16.0,24.0,1.64,1.51,9.86,9.49,-12.0,-13.0,2.0,1.0,0.0,0.0,95,23.6,21.7,19.8,21.5,P4,25.09
9.0,4.0,29.0,19.0,0.0,0.0,24.0,14.0,8.0,0.0,42.0,28.0,2.63,0.25,10.15,9.27,-5.0,-4.0,5.0,5.0,0.0,0.0,96,9.3,9.8,39.8,32.5,P1,34.02
35.0,34.0,7.0,6.0,16.0,15.0,2.0,2.0,34.0,30.0,18.0,12.0,1.34,1.4,9.67,10.48,-10.0,-12.0,1.0,2.0,0.0,0.0,97,31.9,22.7,11.4,10.7,P5,36.21
10.0,6.0,39.0,31.0,1.0,0.0,35.0,25.0,16.0,6.0,46.0,46.0,6.12,1.96,10.69,10.25,-1.0,-4.0,6.0,4.0,0.0,0.0,98,8.6,9.2,44.3,34.8,P1,41.41
19.0,21.0,6.0,12.0,1.0,4.0,3.0,7.0,20.0,22.0,14.0,32.0,1.48,1.73,9.44,10.56,-12.0,-10.0,3.0,3.0,0.0,0.0,99,23.3,23.7,20.8,22.5,P3,26.43
8.0,15.0,2.0,7.0,1.0,1.0,0.0,3.0,10.0,22.0,6.0,16.0,1.58,2.33,11.9,10.29,-4.0,-5.0,0.0,2.0,0.0,0.0,100,12.9,15.0,16.8,20.3,P2,17.18
44.0,40.0,0.0,5.0,25.0,22.0,0.0,3.0,44.0,28.0,0.0,16.0,1.39,1.49,13.89,9.33,-4.0,-12.0,0.0,3.0,0.0,0.0,101,42.9,28.8,8.8,9.2,P7,41.42
15.0,14.0,26.0,7.0,1.0,0.0,21.0,1.0,18.0,20.0,40.0,20.0,2.29,2.73,9.45,10.05,-7.0,-9.0,1.0,-2.0,0.0,0.0,102,13.8,11.3,34.0,20.5,P1,27.08
35.0,22.0,4.0,2.0,16.0,4.0,0.0,0.0,46.0,26.0,12.0,4.0,1.42,1.66,10.32,10.46,-8.0,-7.0,0.0,0.0,0.0,0.0,103,38.0,25.7,9.8,5.2,P7,30.53
23.0,19.0,16.0,7.0,4.0,1.0,12.0,2.0,26.0,18.0,36.0,18.0,1.4,1.5,9.51,9.35,-11.0,-13.0,8.0,1.0,0.0,0.0,104,21.9,21.0,21.7,21.5,P4,24.82
23.0,18.0,6.0,11.0,4.0,1.0,1.0,6.0,26.0,18.0,18.0,24.0,1.4,1.8,10.6,9.39,-12.0,-11.0,1.0,1.0,0.0,0.0,105,26.5,19.7,16.2,16.6,P4,23.33
27.0,14.0,8.0,10.0,11.0,2.0,2.0,4.0,40.0,16.0,16.0,24.0,2.14,1.6,9.44,9.75,-5.0,-6.0,1.0,1.0,0.0,0.0,106,15.6,17.8,27.7,24.2,P4,24.88
14.0,12.0,16.0,12.0,0.0,0.0,10.0,7.0,14.0,10.0,30.0,22.0,1.14,2.59,10.03,9.46,-11.0,-8.0,3.0,1.0,0.0,0.0,107,17.8,12.6,22.2,20.5,P1,28.44
7.0,6.0,26.0,29.0,0.0,0.0,21.0,24.0,10.0,8.0,48.0,38.0,3.42,4.28,10.19,10.42,-3.0,-2.0,4.0,1.0,0.0,0.0,108,7.0,8.6,36.7,31.9,P2,37.82
31.0,35.0,14.0,2.0,12.0,17.0,9.0,0.0,28.0,38.0,28.0,6.0,1.3,1.52,9.35,10.42,-8.0,-9.0,2.0,0.0,0.0,0.0,109,28.8,27.7,14.0,12.2,P5,35.61
30.0,30.0,7.0,7.0,11.0,11.0,1.0,3.0,30.0,20.0,22.0,16.0,1.4,1.41,10.1,10.35,-10.0,-12.0,0.0,1.0,0.0,0.0,110,28.4,22.5,12.2,15.2,P4,33.55
34.0,27.0,0.0,4.0,15.0,9.0,0.0,0.0,34.0,20.0,0.0,12.0,1.4,1.53,13.89,10.49,-9.0,-11.0,0.0,0.0,0.0,0.0,111,36.6,31.5,5.1,7.1,P7,33.3
7.0,42.0,17.0,26.0,0.0,23.0,12.0,21.0,8.0,40.0,24.0,30.0,4.08,1.37,10.37,10.45,-3.0,-10.0,4.0,3.0,0.0,0.0,112,10.8,33.9,25.2,30.4,P3,39.71
14.0,9.0,17.0,8.0,4.0,0.0,12.0,2.0,20.0,8.0,32.0,22.0,2.39,1.76,10.03,10.06,-2.0,-5.0,2.0,1.0,0.0,0.0,113,14.6,16.4,29.7,20.2,P4,24.66
13.0,35.0,9.0,6.0,0.0,16.0,5.0,1.0,10.0,30.0,22.0,14.0,2.01,1.4,9.38,9.88,-9.0,-12.0,3.0,0.0,0.0,0.0,114,20.6,30.3,24.0,16.7,P4,29.85
41.0,16.0,3.0,5.0,22.0,2.0,1.0,2.0,46.0,26.0,12.0,14.0,1.43,2.92,9.33,9.81,-8.0,-7.0,1.0,2.0,0.0,0.0,115,34.6,20.9,14.2,9.7,P4,33.63
20.0,17.0,3.0,9.0,6.0,3.0,0.0,3.0,30.0,22.0,12.0,26.0,2.7,2.04,10.65,10.06,-7.0,-5.0,0.0,1.0,0.0,0.0,116,23.4,26.0,17.1,21.3,P6,22.25
44.0,33.0,1.0,2.0,26.0,14.0,1.0,1.0,52.0,30.0,4.0,8.0,1.49,1.26,6.66,6.52,-7.0,-9.0,1.0,1.0,0.0,0.0,117,37.6,27.1,9.0,6.7,P7,38.83
11.0,11.0,14.0,10.0,0.0,1.0,9.0,5.0,12.0,14.0,24.0,24.0,3.59,1.22,10.43,10.35,-6.0,-5.0,0.0,1.0,0.0,0.0,118,11.9,11.6,29.5,22.4,P3,24.34
7.0,7.0,36.0,16.0,0.0,0.0,31.0,11.0,6.0,8.0,52.0,26.0,2.56,2.35,10.26,9.9,-4.0,-3.0,8.0,3.0,0.0,0.0,119,7.4,8.8,42.2,31.5,P1,36.53
18.0,4.0,8.0,8.0,1.0,0.0,3.0,3.0,20.0,6.0,22.0,20.0,1.89,6.58,9.31,10.41,-11.0,-1.0,2.0,3.0,0.0,0.0,120,20.1,8.5,15.9,18.9,P1,20.23
31.0,18.0,5.0,5.0,12.0,1.0,1.0,1.0,30.0,22.0,10.0,12.0,1.3,1.84,10.23,9.69,-12.0,-9.0,0.0,-1.0,0.0,0.0,121,30.4,25.8,11.3,11.7,P5,27.61
9.0,7.0,28.0,18.0,0.0,0.0,23.0,13.0,8.0,4.0,38.0,28.0,3.12,1.23,10.65,10.01,-5.0,-5.0,1.0,3.0,0.0,0.0,122,10.0,7.8,39.2,29.5,P1,37.94
12.0,12.0,19.0,10.0,0.0,0.0,14.0,4.0,8.0,14.0,40.0,24.0,1.8,1.72,9.53,9.93,-8.0,-6.0,8.0,2.0,0.0,0.0,123,9.8,8.8,29.5,21.2,P1,23.3
12.0,19.0,17.0,8.0,0.0,0.0,12.0,3.0,6.0,20.0,30.0,24.0,0.25,1.3,10.6,10.96,-11.0,-15.0,5.0,3.0,0.0,0.0,124,13.1,16.4,24.2,22.7,P1,25.62
14.0,12.0,29.0,25.0,0.0,0.0,25.0,21.0,14.0,8.0,42.0,18.0,1.78,1.95,9.07,10.53,-9.0,-9.0,5.0,2.0,0.0,0.0,125,14.9,13.8,30.4,23.6,P3,38.16
8.0,9.0,14.0,22.0,0.0,0.0,8.0,16.0,10.0,8.0,28.0,38.0,1.58,1.61,10.11,10.0,-4.0,-7.0,1.0,1.0,0.0,0.0,126,8.1,11.7,30.2,29.7,P1,30.47
12.0,8.0,29.0,15.0,0.0,0.0,23.0,9.0,16.0,12.0,40.0,32.0,2.99,3.92,10.09,9.55,-6.0,-3.0,6.0,4.0,0.0,0.0,127,12.9,8.9,34.9,24.9,P3,32.85
19.0,18.0,1.0,10.0,1.0,0.0,0.0,5.0,16.0,14.0,8.0,20.0,1.65,1.48,13.14,10.45,-11.0,-15.0,0.0,-1.0,0.0,0.0,128,18.7,18.6,17.3,16.6,P2,23.72
6.0,14.0,8.0,11.0,0.0,0.0,2.0,6.0,10.0,12.0,20.0,30.0,6.99,2.69,9.78,10.07,-1.0,-10.0,-3.0,2.0,0.0,0.0,129,11.1,9.8,21.3,23.6,P3,21.85
10.0,8.0,3.0,4.0,0.0,0.0,0.0,1.0,8.0,8.0,6.0,10.0,0.25,2.93,8.99,9.47,-9.0,-5.0,0.0,1.0,0.0,0.0,130,15.4,16.1,11.7,12.6,P2,17.31
7.0,13.0,29.0,18.0,0.0,1.0,24.0,13.0,6.0,20.0,40.0,36.0,2.3,4.05,10.49,10.45,-5.0,-6.0,3.0,3.0,0.0,0.0,131,8.0,9.0,38.0,30.2,P2,35.11
35.0,15.0,13.0,8.0,16.0,0.0,8.0,2.0,40.0,10.0,24.0,20.0,1.31,0.95,10.04,10.05,-12.0,-12.0,2.0,-1.0,0.0,0.0,132,32.5,16.0,23.9,19.6,P5,29.06
18.0,14.0,8.0,9.0,1.0,0.0,3.0,3.0,16.0,16.0,22.0,22.0,1.07,1.37,9.6,10.17,-11.0,-10.0,2.0,2.0,0.0,0.0,133,20.5,21.6,17.9,17.9,P5,21.34
26.0,24.0,6.0,4.0,8.0,6.0,1.0,0.0,36.0,26.0,18.0,12.0,1.68,1.48,10.21,10.97,-10.0,-11.0,-1.0,-1.0,0.0,0.0,134,23.3,19.4,12.5,12.0,P4,26.79
22.0,11.0,2.0,8.0,5.0,0.0,1.0,3.0,32.0,18.0,8.0,18.0,1.96,4.15,11.88,9.39,-11.0,-4.0,1.0,1.0,0.0,0.0,135,26.6,20.7,8.9,15.8,P7,23.73
8.0,14.0,23.0,21.0,1.0,0.0,18.0,17.0,10.0,14.0,22.0,38.0,0.89,1.87,10.46,10.5,-3.0,-10.0,3.0,3.0,0.0,0.0,136,12.9,11.2,33.5,29.2,P2,35.22
33.0,23.0,1.0,2.0,15.0,4.0,0.0,1.0,28.0,28.0,4.0,8.0,1.55,1.4,10.39,8.5,-9.0,-11.0,0.0,1.0,0.0,0.0,137,31.4,25.4,12.5,14.4,P7,29.17
10.0,10.0,26.0,12.0,0.0,0.0,20.0,7.0,6.0,12.0,40.0,30.0,1.91,1.63,9.81,10.5,-7.0,-7.0,-1.0,1.0,0.0,0.0,138,12.4,13.0,24.5,24.0,P1,32.31
11.0,14.0,16.0,7.0,0.0,0.0,12.0,2.0,14.0,14.0,30.0,12.0,3.51,2.71,10.63,10.03,-4.0,-11.0,8.0,0.0,0.0,0.0,139,11.1,11.3,30.4,24.0,P3,24.25
16.0,6.0,14.0,5.0,3.0,0.0,9.0,2.0,22.0,4.0,20.0,12.0,3.47,0.25,9.54,9.98,-5.0,-6.0,3.0,2.0,0.0,0.0,140,11.5,11.5,28.6,20.4,P5,25.62
8.0,8.0,34.0,6.0,0.0,0.0,29.0,1.0,10.0,6.0,44.0,18.0,1.49,2.65,9.96,10.44,-5.0,-6.0,3.0,1.0,0.0,0.0,141,8.7,8.0,36.2,27.3,P1,32.75
19.0,17.0,15.0,16.0,3.0,1.0,10.0,11.0,22.0,24.0,30.0,28.0,2.03,2.2,10.44,10.5,-8.0,-11.0,-1.0,1.0,0.0,0.0,142,24.9,22.8,21.7,25.3,P3,28.55
32.0,21.0,7.0,18.0,13.0,4.0,3.0,13.0,22.0,26.0,18.0,36.0,1.42,1.78,9.63,9.36,-12.0,-10.0,2.0,2.0,0.0,0.0,143,22.0,19.9,15.5,34.9,P4,30.99
6.0,2.0,24.0,15.0,0.0,0.0,19.0,9.0,8.0,4.0,34.0,30.0,2.84,4.69,10.24,10.05,-3.0,-1.0,3.0,4.0,0.0,0.0,144,8.2,7.5,36.8,28.5,P1,32.08
37.0,22.0,0.0,4.0,18.0,3.0,0.0,0.0,32.0,18.0,2.0,8.0,1.41,1.38,13.89,8.43,-10.0,-14.0,0.0,0.0,0.0,0.0,145,38.9,26.0,5.8,7.1,P7,34.6
19.0,28.0,10.0,9.0,1.0,9.0,4.0,5.0,12.0,32.0,24.0,18.0,1.48,1.39,10.03,10.53,-12.0,-14.0,1.0,3.0,0.0,0.0,146,15.8,33.5,30.0,22.9,P3,27.23
8.0,13.0,2.0,15.0,0.0,0.0,0.0,9.0,10.0,8.0,6.0,34.0,3.89,0.8,10.46,10.03,-6.0,-11.0,0.0,-1.0,0.0,0.0,147,10.4,14.8,11.1,28.9,P5,24.24
26.0,14.0,3.0,6.0,7.0,0.0,1.0,0.0,24.0,12.0,12.0,16.0,1.4,1.51,10.68,10.79,-8.0,-8.0,1.0,0.0,0.0,0.0,148,20.1,19.5,18.3,19.2,P6,24.83
21.0,27.0,2.0,10.0,3.0,9.0,0.0,5.0,20.0,32.0,10.0,28.0,1.5,1.48,10.24,9.96,-10.0,-11.0,0.0,2.0,0.0,0.0,149,24.9,28.5,13.5,22.8,P5,23.3
14.0,17.0,16.0,20.0,0.0,1.0,12.0,16.0,14.0,20.0,32.0,32.0,1.77,2.07,10.74,10.4,-10.0,-12.0,3.0,6.0,0.0,0.0,150,11.1,12.9,29.0,29.7,P2,32.1
22.0,26.0,1.0,4.0,3.0,7.0,0.0,1.0,26.0,28.0,6.0,12.0,1.4,1.4,14.33,9.76,-13.0,-10.0,0.0,1.0,0.0,0.0,151,33.7,23.1,8.1,10.9,P7,27.45
43.0,31.0,4.0,3.0,24.0,13.0,1.0,1.0,24.0,34.0,12.0,6.0,1.4,1.68,9.6,8.44,-10.0,-7.0,1.0,1.0,0.0,0.0,152,35.9,29.1,11.2,8.8,P7,39.1
13.0,13.0,17.0,10.0,0.0,2.0,12.0,5.0,12.0,18.0,32.0,22.0,1.09,3.78,10.15,10.21,-9.0,-4.0,4.0,1.0,0.0,0.0,153,15.0,16.3,26.1,20.2,P1,24.23
21.0,13.0,13.0,5.0,3.0,0.0,9.0,2.0,20.0,10.0,32.0,18.0,1.5,1.19,10.47,8.93,-13.0,-9.0,2.0,2.0,0.0,0.0,154,34.5,14.6,22.9,18.4,P4,27.29
21.0,11.0,15.0,10.0,2.0,0.0,9.0,4.0,18.0,10.0,26.0,20.0,1.4,2.68,9.85,10.07,-15.0,-6.0,-1.0,1.0,0.0,0.0,155,17.2,13.7,28.3,21.3,P3,27.46
12.0,7.0,18.0,11.0,0.0,0.0,13.0,6.0,14.0,6.0,26.0,26.0,3.01,1.83,9.27,9.25,-8.0,-5.0,0.0,3.0,0.0,0.0,156,13.7,10.0,30.4,25.9,P1,24.62
41.0,13.0,7.0,8.0,22.0,1.0,1.0,3.0,46.0,12.0,12.0,20.0,1.41,0.97,10.18,10.12,-6.0,-9.0,-1.0,0.0,0.0,0.0,157,31.4,20.1,21.1,17.0,P3,31.06
4.0,5.0,31.0,23.0,0.0,0.0,25.0,17.0,4.0,6.0,50.0,34.0,5.72,2.2,10.14,9.6,-2.0,-3.0,3.0,6.0,0.0,0.0,158,7.3,6.6,37.7,32.0,P1,37.37
4.0,11.0,23.0,17.0,0.0,0.0,19.0,11.0,6.0,8.0,40.0,26.0,2.96,1.94,10.55,10.1,-2.0,-8.0,8.0,0.0,0.0,0.0,159,6.2,8.9,36.4,32.4,P1,29.46
4.0,6.0,37.0,15.0,0.0,0.0,32.0,10.0,4.0,6.0,48.0,36.0,2.55,0.92,10.17,10.24,-2.0,-4.0,7.0,5.0,0.0,0.0,160,6.9,8.3,43.4,34.8,P1,36.74
39.0,15.0,23.0,12.0,21.0,2.0,18.0,8.0,36.0,22.0,28.0,22.0,1.49,3.33,10.57,9.59,-10.0,-4.0,2.0,4.0,0.0,0.0,161,34.1,11.4,34.1,17.0,P4,39.38
31.0,22.0,11.0,5.0,13.0,8.0,7.0,1.0,36.0,32.0,22.0,14.0,1.5,2.7,10.4,11.06,-7.0,-2.0,3.0,-1.0,0.0,0.0,162,29.0,21.5,15.2,14.7,P5,29.47
15.0,15.0,13.0,21.0,2.0,0.0,8.0,16.0,22.0,16.0,18.0,40.0,2.94,2.15,9.81,10.19,-6.0,-9.0,2.0,9.0,0.0,0.0,163,14.5,15.9,23.2,21.8,P2,25.46
10.0,17.0,25.0,17.0,0.0,2.0,20.0,12.0,8.0,22.0,38.0,34.0,1.42,2.59,10.05,10.33,-8.0,-8.0,6.0,8.0,0.0,0.0,164,10.4,12.8,33.2,28.5,P3,32.01
9.0,11.0,26.0,32.0,0.0,1.0,22.0,27.0,6.0,10.0,22.0,46.0,0.4,1.73,10.74,10.22,-8.0,-5.0,4.0,5.0,0.0,0.0,165,9.8,8.1,44.0,29.9,P2,40.57
26.0,16.0,5.0,4.0,8.0,2.0,1.0,2.0,28.0,24.0,10.0,14.0,1.65,2.74,10.2,11.06,-10.0,-9.0,1.0,1.0,0.0,0.0,166,18.1,20.3,18.3,18.0,P6,21.94
23.0,17.0,7.0,8.0,5.0,4.0,2.0,3.0,20.0,18.0,14.0,20.0,1.64,2.02,9.54,10.2,-11.0,-6.0,1.0,-2.0,0.0,0.0,167,25.5,18.8,15.8,17.2,P3,26.44
6.0,14.0,3.0,10.0,0.0,0.0,2.0,6.0,4.0,10.0,10.0,20.0,2.0,1.51,8.74,8.63,-4.0,-10.0,2.0,5.0,0.0,0.0,168,12.5,16.1,8.8,16.8,P1,19.2
16.0,12.0,7.0,7.0,0.0,2.0,2.0,3.0,12.0,18.0,18.0,20.0,1.58,4.76,9.48,9.26,-12.0,-2.0,2.0,1.0,0.0,0.0,169,14.9,13.7,15.7,15.9,P2,19.25
14.0,11.0,20.0,9.0,0.0,0.0,14.0,4.0,12.0,10.0,46.0,22.0,1.57,2.15,10.24,9.49,-8.0,-7.0,3.0,2.0,0.0,0.0,170,13.0,12.5,29.0,23.0,P1,30.05
32.0,25.0,3.0,4.0,13.0,6.0,0.0,1.0,30.0,14.0,10.0,12.0,1.41,1.41,10.21,10.73,-12.0,-13.0,0.0,1.0,0.0,0.0,171,32.0,25.8,9.6,12.5,P7,32.13
15.0,12.0,20.0,22.0,0.0,0.0,14.0,17.0,16.0,18.0,36.0,36.0,1.8,3.94,9.86,10.31,-10.0,-5.0,4.0,2.0,0.0,0.0,172,14.9,8.3,29.7,32.3,P1,30.65
12.0,18.0,15.0,8.0,2.0,1.0,9.0,3.0,20.0,20.0,36.0,20.0,3.97,1.75,10.1,10.27,-1.0,-13.0,5.0,1.0,0.0,0.0,173,12.4,17.7,29.9,20.4,P3,24.0
10.0,7.0,23.0,18.0,1.0,0.0,18.0,14.0,14.0,6.0,32.0,24.0,2.23,3.64,10.09,10.35,-3.0,-4.0,3.0,4.0,0.0,0.0,174,8.5,7.3,38.7,35.0,P1,32.21
9.0,22.0,13.0,10.0,0.0,5.0,7.0,5.0,16.0,26.0,26.0,24.0,4.07,1.91,9.48,10.31,-5.0,-9.0,1.0,2.0,0.0,0.0,175,10.9,18.3,17.7,16.0,P2,23.37
4.0,8.0,22.0,6.0,0.0,0.0,17.0,3.0,6.0,4.0,38.0,14.0,1.48,1.49,9.42,9.3,-3.0,-6.0,7.0,3.0,0.0,0.0,176,8.2,13.8,31.2,20.1,P1,27.64
27.0,23.0,11.0,20.0,8.0,4.0,6.0,14.0,32.0,18.0,26.0,34.0,1.4,1.37,9.93,9.52,-9.0,-11.0,1.0,0.0,0.0,0.0,177,24.2,24.6,24.9,24.3,P4,31.99
36.0,17.0,3.0,4.0,17.0,0.0,2.0,1.0,34.0,12.0,6.0,10.0,1.37,0.9,10.4,10.86,-12.0,-12.0,2.0,1.0,0.0,0.0,178,32.9,23.5,12.5,12.3,P6,28.55
10.0,18.0,12.0,10.0,0.0,3.0,7.0,4.0,10.0,20.0,30.0,26.0,1.43,1.61,9.63,9.48,-7.0,-9.0,7.0,2.0,0.0,0.0,179,15.8,17.4,27.2,20.5,P2,23.92
7.0,16.0,7.0,32.0,1.0,0.0,2.0,27.0,14.0,18.0,16.0,34.0,10.29,1.84,10.07,10.02,0.0,-12.0,2.0,4.0,0.0,0.0,180,8.9,17.9,11.5,32.6,P2,30.68
33.0,26.0,3.0,2.0,16.0,7.0,1.0,1.0,44.0,26.0,8.0,6.0,1.71,1.34,8.81,8.73,-2.0,-13.0,1.0,1.0,0.0,0.0,181,42.7,26.8,5.7,7.7,P7,30.19
39.0,32.0,2.0,1.0,21.0,13.0,0.0,1.0,38.0,28.0,4.0,8.0,1.52,1.38,11.64,6.63,-9.0,-12.0,0.0,1.0,0.0,0.0,182,40.8,34.1,9.2,6.3,P7,38.66
36.0,11.0,19.0,26.0,17.0,0.0,15.0,21.0,48.0,12.0,40.0,32.0,1.34,1.12,10.61,10.43,-8.0,-7.0,3.0,2.0,0.0,0.0,183,34.1,16.0,31.5,29.7,P2,38.13
23.0,16.0,22.0,22.0,5.0,0.0,16.0,17.0,24.0,14.0,32.0,30.0,1.61,2.03,9.96,10.02,-8.0,-12.0,1.0,4.0,0.0,0.0,184,34.0,11.8,34.1,31.2,P1,35.53
8.0,8.0,34.0,24.0,0.0,0.0,28.0,20.0,8.0,8.0,46.0,30.0,2.51,2.51,10.72,10.29,-4.0,-5.0,7.0,4.0,0.0,0.0,185,9.8,9.0,39.3,32.9,P1,38.97
17.0,15.0,8.0,6.0,2.0,0.0,2.0,1.0,24.0,20.0,18.0,18.0,2.35,2.28,10.22,10.17,-7.0,-9.0,-2.0,1.0,0.0,0.0,186,13.3,14.5,16.4,14.0,P3,19.45
9.0,9.0,23.0,12.0,0.0,0.0,18.0,6.0,10.0,12.0,36.0,16.0,3.0,0.55,10.19,9.66,-5.0,-6.0,4.0,2.0,0.0,0.0,187,9.1,9.7,37.0,27.3,P1,26.36
18.0,22.0,12.0,12.0,0.0,3.0,8.0,7.0,10.0,18.0,24.0,32.0,1.4,1.31,10.37,9.89,-13.0,-12.0,5.0,7.0,0.0,0.0,188,21.7,18.6,20.0,20.2,P4,24.38
28.0,18.0,6.0,2.0,10.0,1.0,1.0,0.0,30.0,20.0,12.0,10.0,1.49,1.95,10.25,12.03,-12.0,-10.0,1.0,0.0,0.0,0.0,189,32.6,16.2,19.0,11.8,P4,26.73
15.0,15.0,8.0,6.0,0.0,1.0,4.0,1.0,10.0,18.0,16.0,14.0,0.89,2.67,8.99,10.68,-12.0,-10.0,0.0,1.0,0.0,0.0,190,15.6,13.6,17.6,13.8,P2,19.11
19.0,47.0,18.0,8.0,1.0,29.0,14.0,4.0,20.0,48.0,34.0,22.0,1.55,1.49,10.33,9.4,-13.0,-11.0,8.0,3.0,0.0,0.0,191,18.0,33.6,26.8,22.6,P2,37.08
19.0,13.0,8.0,20.0,0.0,0.0,3.0,15.0,18.0,16.0,20.0,24.0,1.41,3.14,10.27,10.05,-14.0,-7.0,1.0,1.0,0.0,0.0,192,17.3,15.9,28.7,22.9,P2,26.64
8.0,12.0,14.0,18.0,0.0,0.0,8.0,14.0,10.0,16.0,26.0,34.0,3.16,3.12,9.93,10.36,-4.0,-6.0,1.0,3.0,0.0,0.0,193,8.2,10.6,31.5,29.5,P1,29.81
39.0,27.0,2.0,3.0,20.0,9.0,0.0,0.0,44.0,32.0,6.0,8.0,1.4,1.48,10.28,11.16,-10.0,-10.0,0.0,0.0,0.0,0.0,194,36.9,31.9,7.7,9.9,P6,34.06
37.0,38.0,3.0,2.0,18.0,19.0,0.0,0.0,34.0,42.0,8.0,6.0,1.41,1.4,11.28,10.8,-12.0,-12.0,0.0,0.0,0.0,0.0,195,36.5,27.8,9.8,9.7,P7,39.19
3.0,21.0,8.0,20.0,0.0,4.0,2.0,14.0,2.0,24.0,16.0,40.0,0.41,1.83,9.51,10.24,-2.0,-7.0,-1.0,5.0,0.0,0.0,196,10.5,13.7,25.3,34.2,P1,27.03
16.0,17.0,19.0,8.0,1.0,0.0,15.0,2.0,12.0,18.0,28.0,20.0,1.24,1.83,9.6,9.57,-10.0,-12.0,6.0,0.0,0.0,0.0,197,20.2,19.6,21.8,19.3,P2,26.53
30.0,31.0,7.0,10.0,12.0,12.0,3.0,5.0,44.0,44.0,16.0,26.0,1.65,1.41,9.22,10.1,-6.0,-8.0,2.0,5.0,0.0,0.0,198,32.7,28.1,9.6,13.4,P4,29.06
19.0,14.0,4.0,8.0,1.0,0.0,2.0,3.0,18.0,12.0,12.0,14.0,1.48,2.36,10.95,10.12,-11.0,-8.0,2.0,0.0,0.0,0.0,199,17.7,17.8,15.5,16.8,P3,20.64
31.0,16.0,5.0,2.0,13.0,0.0,2.0,0.0,40.0,12.0,12.0,12.0,1.49,1.41,8.68,11.61,-10.0,-11.0,2.0,0.0,0.0,0.0,200,27.3,18.2,12.1,16.7,P5,26.37
30.0,22.0,1.0,5.0,12.0,4.0,0.0,2.0,28.0,28.0,4.0,14.0,1.5,1.66,10.73,10.64,-9.0,-12.0,0.0,1.0,0.0,0.0,201,32.7,20.2,9.9,8.9,P6,29.95
6.0,16.0,42.0,6.0,0.0,3.0,38.0,2.0,6.0,20.0,42.0,16.0,1.8,3.05,9.19,9.35,-5.0,-6.0,7.0,2.0,0.0,0.0,202,7.6,8.7,40.3,32.8,P3,36.05
27.0,25.0,10.0,4.0,9.0,6.0,5.0,1.0,30.0,30.0,22.0,10.0,1.54,1.44,9.4,10.3,-10.0,-8.0,5.0,1.0,0.0,0.0,203,25.6,19.8,15.7,16.4,P4,25.17
7.0,18.0,22.0,14.0,0.0,2.0,17.0,9.0,8.0,18.0,34.0,16.0,1.32,1.12,10.13,9.39,-4.0,-9.0,5.0,3.0,0.0,0.0,204,11.2,14.7,28.5,24.8,P2,29.79
7.0,9.0,41.0,25.0,0.0,0.0,35.0,20.0,10.0,14.0,48.0,36.0,1.74,3.44,10.05,10.09,-2.0,-4.0,4.0,4.0,0.0,0.0,205,7.1,5.5,42.4,29.4,P1,40.19
28.0,21.0,2.0,8.0,10.0,3.0,0.0,3.0,42.0,18.0,8.0,20.0,1.66,1.54,9.62,9.05,-7.0,-12.0,0.0,2.0,0.0,0.0,206,24.6,19.2,12.8,15.7,P5,25.3
42.0,23.0,1.0,2.0,24.0,6.0,0.0,0.0,34.0,26.0,4.0,4.0,1.51,1.8,10.56,11.14,-6.0,-8.0,0.0,0.0,0.0,0.0,207,39.4,31.0,6.5,7.5,P7,35.24
5.0,2.0,24.0,27.0,0.0,0.0,20.0,21.0,10.0,2.0,32.0,34.0,6.41,0.5,9.18,10.06,-2.0,-1.0,2.0,5.0,0.0,0.0,208,5.5,8.5,43.7,31.5,P1,37.51
31.0,23.0,2.0,2.0,13.0,6.0,1.0,0.0,32.0,26.0,10.0,10.0,1.48,1.72,8.85,9.82,-7.0,-10.0,1.0,0.0,0.0,0.0,209,31.4,28.9,10.9,13.8,P6,28.51
7.0,6.0,24.0,12.0,0.0,0.0,18.0,6.0,8.0,10.0,26.0,22.0,1.18,5.6,9.98,9.9,-4.0,-2.0,1.0,-1.0,0.0,0.0,210,7.1,5.5,39.8,31.7,P1,31.98
38.0,41.0,2.0,2.0,19.0,22.0,0.0,0.0,38.0,46.0,8.0,8.0,1.4,1.4,11.03,9.08,-10.0,-7.0,0.0,0.0,0.0,0.0,211,44.6,31.9,7.4,5.5,P7,40.58
20.0,24.0,3.0,11.0,2.0,6.0,1.0,6.0,24.0,28.0,10.0,28.0,1.49,1.48,6.29,9.96,-12.0,-11.0,1.0,2.0,0.0,0.0,212,22.7,18.8,16.4,16.9,P5,25.63
6.0,19.0,5.0,9.0,0.0,2.0,0.0,4.0,8.0,20.0,14.0,24.0,0.66,1.78,10.06,10.4,-4.0,-9.0,-1.0,2.0,0.0,0.0,213,19.3,18.2,17.1,18.3,P4,20.94
9.0,15.0,40.0,20.0,0.0,3.0,36.0,14.0,6.0,22.0,54.0,30.0,1.75,1.64,9.48,10.04,-7.0,-4.0,12.0,1.0,0.0,0.0,214,9.3,8.6,44.7,31.0,P3,40.35
47.0,27.0,0.0,3.0,29.0,9.0,0.0,0.0,46.0,32.0,2.0,10.0,1.47,1.51,13.93,11.32,-5.0,-9.0,0.0,0.0,0.0,0.0,215,36.9,30.1,5.8,7.4,P7,36.34
19.0,16.0,4.0,7.0,0.0,4.0,2.0,4.0,20.0,28.0,8.0,20.0,1.39,3.59,8.48,9.69,-14.0,-2.0,2.0,4.0,0.0,0.0,216,24.8,22.5,12.7,13.7,P4,20.63
43.0,35.0,10.0,8.0,24.0,16.0,5.0,3.0,46.0,34.0,24.0,20.0,1.39,1.4,9.54,10.1,-9.0,-8.0,2.0,1.0,0.0,0.0,217,34.5,28.5,14.8,13.7,P4,40.07
19.0,19.0,11.0,9.0,1.0,1.0,6.0,3.0,20.0,18.0,24.0,20.0,1.64,1.49,10.16,10.24,-11.0,-11.0,3.0,-1.0,0.0,0.0,218,20.1,20.3,17.0,18.2,P2,22.72
14.0,6.0,22.0,8.0,1.0,0.0,17.0,4.0,16.0,2.0,28.0,16.0,2.51,1.33,9.62,10.14,-7.0,-5.0,3.0,4.0,0.0,0.0,219,14.5,10.5,29.5,21.4,P3,28.29
3.0,3.0,46.0,11.0,0.0,0.0,42.0,5.0,2.0,4.0,46.0,24.0,0.42,4.51,9.28,10.02,-2.0,-1.0,5.0,1.0,0.0,0.0,220,5.3,8.7,44.7,25.9,P1,41.18
28.0,22.0,3.0,2.0,9.0,4.0,2.0,1.0,32.0,24.0,10.0,8.0,1.41,1.55,8.54,9.8,-12.0,-10.0,2.0,1.0,0.0,0.0,221,31.0,24.5,9.1,10.2,P7,26.8
55.0,33.0,0.0,0.0,36.0,15.0,0.0,0.0,48.0,28.0,0.0,0.0,1.41,1.5,13.89,13.89,-6.0,-11.0,0.0,0.0,0.0,0.0,222,43.0,30.7,5.4,5.3,P7,42.97
16.0,15.0,8.0,13.0,0.0,0.0,3.0,8.0,18.0,14.0,18.0,24.0,2.11,1.1,9.97,10.2,-9.0,-10.0,-1.0,1.0,0.0,0.0,223,16.5,12.3,22.7,21.5,P3,22.95
6.0,2.0,25.0,14.0,0.0,0.0,21.0,8.0,8.0,0.0,34.0,36.0,2.73,0.25,10.55,10.12,-2.0,-2.0,7.0,1.0,0.0,0.0,224,7.4,7.2,38.5,32.5,P1,31.63
15.0,20.0,6.0,6.0,1.0,4.0,2.0,3.0,14.0,28.0,14.0,16.0,1.49,2.04,9.08,7.94,-8.0,-7.0,2.0,3.0,0.0,0.0,225,24.8,18.9,16.1,15.6,P5,21.64
5.0,7.0,21.0,7.0,0.0,0.0,16.0,2.0,8.0,6.0,24.0,18.0,1.93,3.33,10.07,10.62,-2.0,-4.0,0.0,0.0,0.0,0.0,226,8.3,10.8,32.8,20.1,P2,26.66
7.0,20.0,17.0,9.0,0.0,5.0,11.0,5.0,4.0,30.0,36.0,14.0,1.42,2.32,10.21,9.12,-5.0,-5.0,2.0,1.0,0.0,0.0,227,14.6,13.4,34.1,22.9,P3,24.81
23.0,28.0,1.0,5.0,4.0,10.0,1.0,2.0,22.0,28.0,4.0,18.0,1.4,1.52,5.28,10.81,-13.0,-11.0,1.0,2.0,0.0,0.0,228,22.1,24.0,13.1,14.3,P6,27.17
32.0,32.0,3.0,0.0,14.0,14.0,0.0,0.0,22.0,26.0,10.0,2.0,1.49,1.51,11.62,13.89,-10.0,-10.0,-1.0,0.0,0.0,0.0,229,32.0,28.3,13.6,8.5,P7,34.51
13.0,17.0,9.0,8.0,1.0,0.0,4.0,3.0,20.0,16.0,14.0,22.0,3.65,1.44,10.03,10.7,-5.0,-11.0,0.0,1.0,0.0,0.0,230,17.0,15.1,16.3,16.9,P2,19.09
9.0,6.0,41.0,9.0,0.0,0.0,36.0,4.0,6.0,6.0,54.0,18.0,1.66,2.23,9.95,10.56,-7.0,-3.0,7.0,2.0,0.0,0.0,231,8.5,7.1,37.0,25.2,P1,37.23
36.0,44.0,1.0,4.0,17.0,25.0,0.0,1.0,34.0,36.0,6.0,14.0,1.4,1.4,13.87,9.51,-12.0,-12.0,0.0,1.0,0.0,0.0,232,37.5,34.5,7.3,8.4,P7,39.17
42.0,32.0,1.0,0.0,24.0,14.0,1.0,0.0,44.0,30.0,4.0,2.0,1.47,1.5,6.65,13.89,-7.0,-10.0,1.0,0.0,0.0,0.0,233,36.8,33.4,6.2,7.9,P7,41.03
25.0,18.0,6.0,4.0,7.0,0.0,1.0,2.0,26.0,16.0,16.0,10.0,1.55,1.4,10.62,7.96,-11.0,-13.0,1.0,2.0,0.0,0.0,234,25.2,20.5,14.0,14.0,P6,26.05
10.0,20.0,10.0,10.0,0.0,4.0,5.0,5.0,6.0,30.0,24.0,18.0,0.49,2.19,9.11,9.99,-8.0,-5.0,5.0,2.0,0.0,0.0,235,12.5,15.8,26.2,19.6,P2,23.21
42.0,48.0,4.0,0.0,23.0,29.0,1.0,0.0,26.0,48.0,10.0,0.0,1.39,1.39,9.61,13.89,-10.0,-9.0,1.0,0.0,0.0,0.0,236,39.2,34.6,8.2,5.7,P7,46.04
24.0,17.0,3.0,7.0,6.0,5.0,1.0,2.0,20.0,28.0,8.0,18.0,1.54,3.66,8.0,10.17,-11.0,-4.0,1.0,1.0,0.0,0.0,237,23.2,19.6,15.6,16.6,P4,22.23
18.0,27.0,8.0,10.0,0.0,11.0,3.0,5.0,14.0,38.0,16.0,16.0,1.42,1.98,10.14,9.3,-13.0,-7.0,2.0,-1.0,0.0,0.0,238,23.4,24.2,15.0,16.5,P2,27.59
35.0,38.0,8.0,17.0,17.0,19.0,2.0,12.0,36.0,32.0,20.0,38.0,1.48,1.4,10.12,9.36,-7.0,-6.0,1.0,4.0,0.0,0.0,239,26.4,31.8,25.4,34.6,P3,37.62
49.0,36.0,3.0,3.0,30.0,17.0,0.0,0.0,48.0,22.0,8.0,8.0,1.38,1.34,10.93,11.49,-10.0,-13.0,0.0,0.0,0.0,0.0,240,43.8,31.3,5.8,5.3,P7,41.32
18.0,26.0,16.0,11.0,0.0,7.0,11.0,6.0,16.0,26.0,32.0,26.0,1.55,1.31,10.45,9.61,-11.0,-15.0,2.0,3.0,0.0,0.0,241,25.0,29.5,24.0,17.5,P4,27.07
23.0,23.0,9.0,7.0,5.0,4.0,5.0,1.0,26.0,20.0,20.0,14.0,1.54,1.4,9.79,9.98,-9.0,-13.0,5.0,-1.0,0.0,0.0,242,24.5,21.6,12.3,17.0,P4,26.7
30.0,24.0,6.0,8.0,11.0,5.0,1.0,3.0,28.0,30.0,16.0,22.0,1.41,1.38,9.96,10.22,-15.0,-13.0,-2.0,2.0,0.0,0.0,243,27.2,25.8,12.5,15.6,P4,31.19
9.0,10.0,28.0,21.0,0.0,0.0,22.0,17.0,8.0,4.0,46.0,30.0,2.03,1.63,10.02,10.7,-7.0,-8.0,5.0,5.0,0.0,0.0,244,7.3,7.8,43.1,34.0,P1,36.04
38.0,32.0,11.0,8.0,19.0,14.0,5.0,3.0,48.0,30.0,26.0,22.0,1.3,1.48,9.73,9.5,-2.0,-13.0,2.0,3.0,0.0,0.0,245,32.5,23.4,13.1,24.3,P3,35.74
19.0,10.0,14.0,11.0,1.0,0.0,9.0,6.0,20.0,12.0,32.0,16.0,1.62,2.56,10.55,10.34,-11.0,-7.0,3.0,2.0,0.0,0.0,246,17.7,14.7,28.5,24.7,P3,23.8
21.0,19.0,6.0,9.0,4.0,6.0,2.0,4.0,20.0,32.0,14.0,16.0,1.0,3.24,10.02,9.63,-8.0,-5.0,1.0,0.0,0.0,0.0,247,26.0,19.4,13.5,14.6,P4,23.77
21.0,32.0,7.0,18.0,3.0,14.0,2.0,14.0,22.0,42.0,16.0,34.0,1.55,1.56,10.3,10.3,-12.0,-10.0,2.0,1.0,0.0,0.0,248,22.1,24.5,17.8,32.8,P5,28.95
8.0,4.0,32.0,25.0,0.0,0.0,28.0,19.0,10.0,8.0,54.0,36.0,3.64,6.9,10.48,10.0,-5.0,0.0,7.0,4.0,0.0,0.0,249,7.0,6.7,41.4,32.9,P1,39.07
37.0,24.0,2.0,1.0,19.0,6.0,2.0,0.0,28.0,26.0,8.0,4.0,1.6,1.56,8.13,14.21,-9.0,-12.0,2.0,0.0,0.0,0.0,250,36.6,25.9,8.4,6.4,P7,33.12
21.0,11.0,17.0,11.0,3.0,0.0,12.0,7.0,20.0,12.0,24.0,16.0,1.48,2.97,10.3,10.67,-11.0,-7.0,1.0,2.0,0.0,0.0,251,14.0,15.5,23.1,20.8,P2,28.83
0.0,9.0,24.0,26.0,0.0,0.0,18.0,21.0,0.0,12.0,40.0,28.0,13.89,2.41,9.97,10.14,0.0,-3.0,4.0,3.0,0.0,0.0,252,5.6,8.5,36.8,30.6,P1,38.03
36.0,46.0,3.0,4.0,17.0,27.0,2.0,0.0,40.0,36.0,8.0,12.0,1.39,1.4,9.09,10.46,-10.0,-9.0,2.0,0.0,0.0,0.0,253,43.3,31.7,9.1,8.7,P6,41.59
26.0,13.0,6.0,8.0,8.0,0.0,2.0,2.0,28.0,12.0,18.0,22.0,1.56,0.81,9.4,9.85,-10.0,-9.0,2.0,1.0,0.0,0.0,254,27.2,21.4,14.2,14.2,P4,25.12
15.0,15.0,23.0,9.0,0.0,0.0,17.0,4.0,8.0,12.0,34.0,20.0,1.28,1.39,10.1,9.24,-11.0,-9.0,3.0,1.0,0.0,0.0,255,17.7,14.1,28.1,19.5,P2,26.31
13.0,11.0,15.0,8.0,0.0,0.0,10.0,3.0,16.0,8.0,30.0,20.0,3.26,0.25,10.23,9.4,-7.0,-10.0,3.0,3.0,0.0,0.0,256,12.9,13.8,28.3,22.1,P1,22.89
27.0,20.0,4.0,9.0,8.0,3.0,1.0,4.0,18.0,18.0,12.0,20.0,1.41,1.62,9.73,9.01,-13.0,-10.0,0.0,2.0,0.0,0.0,257,21.8,20.5,20.4,18.2,P4,27.84
18.0,19.0,17.0,10.0,0.0,0.0,12.0,6.0,20.0,18.0,38.0,20.0,1.61,1.29,10.01,10.47,-12.0,-14.0,6.0,2.0,0.0,0.0,258,17.0,16.6,28.5,19.3,P4,25.47
11.0,15.0,14.0,29.0,0.0,0.0,9.0,23.0,12.0,8.0,30.0,40.0,1.32,1.36,10.4,10.03,-7.0,-12.0,1.0,4.0,0.0,0.0,259,9.2,17.8,27.4,34.2,P2,35.65
7.0,18.0,17.0,10.0,0.0,5.0,12.0,5.0,8.0,30.0,24.0,18.0,0.98,3.16,9.03,9.28,-5.0,-6.0,2.0,1.0,0.0,0.0,260,13.3,13.5,29.9,22.4,P2,24.92
21.0,13.0,21.0,13.0,3.0,0.0,16.0,7.0,24.0,20.0,40.0,26.0,1.5,3.14,10.26,10.15,-11.0,-6.0,4.0,2.0,0.0,0.0,261,32.4,13.2,26.3,23.4,P3,27.92
17.0,12.0,7.0,12.0,0.0,0.0,1.0,8.0,16.0,14.0,16.0,24.0,1.66,3.25,10.46,9.24,-11.0,-6.0,0.0,4.0,0.0,0.0,262,20.5,15.6,18.3,22.2,P1,23.2
18.0,26.0,5.0,5.0,0.0,9.0,2.0,0.0,16.0,36.0,14.0,16.0,1.65,1.8,10.24,10.99,-13.0,-10.0,1.0,-3.0,0.0,0.0,263,16.9,16.8,23.1,20.0,P5,23.6
26.0,22.0,6.0,21.0,7.0,4.0,1.0,17.0,28.0,14.0,16.0,50.0,1.41,1.48,10.26,10.53,-14.0,-13.0,1.0,7.0,0.0,0.0,264,31.6,23.0,10.8,30.8,P4,30.85
24.0,25.0,8.0,8.0,7.0,6.0,3.0,2.0,26.0,30.0,22.0,24.0,1.72,1.39,10.5,9.88,-10.0,-13.0,1.0,-1.0,0.0,0.0,265,24.3,24.1,13.6,17.4,P6,27.14
11.0,11.0,19.0,15.0,0.0,0.0,13.0,10.0,8.0,8.0,28.0,34.0,1.08,1.0,9.98,9.61,-8.0,-7.0,3.0,6.0,0.0,0.0,266,17.0,12.6,29.3,24.5,P3,29.89
46.0,31.0,5.0,3.0,28.0,12.0,2.0,1.0,44.0,44.0,14.0,12.0,1.5,1.4,8.3,8.79,-8.0,-10.0,2.0,1.0,0.0,0.0,267,44.4,29.1,7.0,6.9,P7,37.64
9.0,7.0,14.0,15.0,0.0,0.0,10.0,9.0,8.0,4.0,16.0,28.0,0.81,1.09,9.28,8.96,-7.0,-6.0,1.0,2.0,0.0,0.0,268,10.0,6.9,36.3,34.3,P1,23.72
35.0,29.0,1.0,0.0,17.0,10.0,0.0,0.0,30.0,24.0,4.0,2.0,1.48,1.4,11.22,13.64,-9.0,-11.0,0.0,0.0,0.0,0.0,269,43.1,26.4,6.4,9.1,P7,38.22
17.0,8.0,23.0,10.0,3.0,0.0,19.0,4.0,16.0,8.0,40.0,26.0,0.88,1.1,9.25,9.69,-6.0,-7.0,6.0,0.0,0.0,0.0,270,16.6,14.8,26.9,25.2,P2,28.44
20.0,12.0,4.0,6.0,2.0,0.0,1.0,2.0,18.0,14.0,12.0,18.0,1.55,1.85,9.68,10.13,-11.0,-8.0,1.0,0.0,0.0,0.0,271,16.7,15.3,16.2,15.2,P4,19.96
28.0,20.0,5.0,4.0,10.0,2.0,2.0,0.0,30.0,18.0,14.0,12.0,1.48,1.51,9.73,11.03,-9.0,-12.0,2.0,-1.0,0.0,0.0,272,28.2,19.9,12.7,13.4,P6,26.2
11.0,23.0,5.0,9.0,1.0,4.0,0.0,4.0,14.0,24.0,12.0,20.0,2.48,1.41,10.22,10.52,-3.0,-14.0,0.0,3.0,0.0,0.0,273,9.7,30.6,21.5,22.5,P3,22.17
29.0,13.0,2.0,3.0,11.0,0.0,0.0,0.0,38.0,14.0,6.0,10.0,1.48,2.79,12.49,10.56,-7.0,-7.0,0.0,0.0,0.0,0.0,274,33.7,22.9,8.0,10.5,P6,24.32
5.0,5.0,25.0,15.0,0.0,0.0,19.0,10.0,6.0,8.0,36.0,36.0,1.87,4.52,9.85,9.51,-3.0,-1.0,4.0,3.0,0.0,0.0,275,5.9,8.3,40.7,28.6,P1,33.65
13.0,26.0,6.0,1.0,1.0,8.0,2.0,0.0,10.0,22.0,16.0,4.0,0.89,1.48,11.26,11.83,-8.0,-10.0,2.0,0.0,0.0,0.0,276,16.5,17.4,19.1,15.5,P6,22.59
9.0,16.0,6.0,1.0,0.0,0.0,2.0,0.0,6.0,16.0,18.0,6.0,2.2,1.6,10.27,10.6,-6.0,-11.0,2.0,0.0,0.0,0.0,277,14.1,15.0,17.1,14.3,P1,17.94
55.0,30.0,4.0,5.0,36.0,12.0,1.0,2.0,72.0,36.0,8.0,16.0,1.38,1.56,11.98,10.01,-3.0,-8.0,1.0,2.0,0.0,0.0,278,37.2,28.5,6.7,8.2,P7,39.63
34.0,19.0,3.0,4.0,16.0,2.0,0.0,1.0,32.0,20.0,10.0,10.0,1.54,1.77,9.36,8.93,-5.0,-9.0,-1.0,1.0,0.0,0.0,279,34.5,20.9,12.9,11.6,P5,30.57
8.0,13.0,26.0,19.0,0.0,1.0,20.0,13.0,6.0,18.0,38.0,36.0,1.03,4.03,10.14,10.18,-7.0,-5.0,3.0,7.0,0.0,0.0,280,9.0,13.4,29.4,31.9,P2,34.32
47.0,30.0,3.0,3.0,29.0,11.0,0.0,2.0,48.0,22.0,10.0,8.0,1.49,1.39,8.43,10.36,-9.0,-14.0,0.0,2.0,0.0,0.0,281,44.4,30.2,9.9,7.7,P7,37.74
6.0,11.0,17.0,23.0,1.0,0.0,11.0,18.0,10.0,8.0,42.0,28.0,7.36,2.01,9.96,9.89,0.0,-7.0,3.0,1.0,0.0,0.0,282,8.3,12.5,30.3,28.6,P2,31.9
22.0,19.0,7.0,19.0,5.0,1.0,2.0,13.0,24.0,20.0,16.0,34.0,1.72,1.45,9.87,9.39,-9.0,-11.0,1.0,2.0,0.0,0.0,283,21.5,20.5,21.7,24.3,P5,28.23
41.0,17.0,37.0,11.0,23.0,0.0,32.0,6.0,42.0,14.0,42.0,14.0,1.48,1.61,9.61,9.6,-9.0,-12.0,5.0,2.0,0.0,0.0,284,32.2,18.4,34.3,21.4,P3,40.49
11.0,38.0,7.0,4.0,0.0,19.0,3.0,1.0,6.0,42.0,18.0,8.0,0.91,1.32,9.53,10.7,-10.0,-10.0,3.0,1.0,0.0,0.0,285,17.9,29.5,15.2,10.2,P5,32.21
8.0,8.0,33.0,20.0,0.0,0.0,29.0,15.0,8.0,10.0,40.0,20.0,3.43,4.25,10.49,9.9,-6.0,-5.0,6.0,-1.0,0.0,0.0,286,5.4,8.0,43.4,30.5,P2,37.98
42.0,25.0,0.0,5.0,23.0,7.0,0.0,2.0,44.0,22.0,2.0,14.0,1.38,1.49,13.89,10.39,-9.0,-14.0,0.0,2.0,0.0,0.0,287,36.9,28.3,6.5,7.2,P7,35.29
8.0,4.0,31.0,26.0,0.0,0.0,26.0,20.0,6.0,6.0,42.0,44.0,1.58,7.25,9.93,9.94,-5.0,-1.0,5.0,4.0,0.0,0.0,288,5.8,7.2,40.0,32.3,P1,36.0
44.0,36.0,2.0,5.0,25.0,18.0,0.0,0.0,38.0,44.0,8.0,12.0,1.41,1.56,11.6,10.5,-11.0,-5.0,0.0,0.0,0.0,0.0,289,41.5,29.3,8.2,9.0,P7,38.91
11.0,8.0,5.0,5.0,0.0,0.0,2.0,2.0,16.0,10.0,16.0,10.0,3.48,3.32,10.22,9.44,-4.0,-4.0,2.0,2.0,0.0,0.0,290,13.6,12.2,14.4,13.8,P4,18.93
13.0,10.0,6.0,10.0,0.0,0.0,2.0,5.0,8.0,10.0,20.0,26.0,0.88,0.97,10.6,9.22,-9.0,-8.0,2.0,4.0,0.0,0.0,291,14.3,15.1,11.4,11.5,P5,22.32
52.0,37.0,1.0,3.0,33.0,19.0,0.0,1.0,46.0,28.0,2.0,8.0,1.4,1.47,10.75,6.84,-7.0,-8.0,0.0,1.0,0.0,0.0,292,39.3,34.5,5.2,5.8,P7,44.77
35.0,21.0,23.0,5.0,16.0,5.0,19.0,1.0,34.0,26.0,28.0,10.0,1.42,1.54,10.5,10.15,-11.0,-6.0,2.0,1.0,0.0,0.0,293,33.6,18.0,28.6,23.5,P3,34.84
44.0,44.0,2.0,2.0,26.0,26.0,1.0,0.0,34.0,50.0,8.0,8.0,1.55,1.5,10.2,10.83,-9.0,-10.0,1.0,0.0,0.0,0.0,294,39.6,31.5,6.2,5.6,P7,44.02
18.0,15.0,17.0,11.0,0.0,0.0,12.0,6.0,14.0,12.0,22.0,20.0,1.35,1.3,10.46,9.4,-14.0,-10.0,4.0,1.0,0.0,0.0,295,15.0,14.3,26.5,20.1,P3,26.49
10.0,3.0,23.0,23.0,0.0,0.0,18.0,17.0,8.0,4.0,30.0,36.0,1.7,2.87,10.14,10.12,-7.0,-1.0,3.0,1.0,0.0,0.0,296,12.9,9.5,32.9,26.9,P3,36.57
13.0,5.0,3.0,9.0,1.0,0.0,1.0,4.0,18.0,6.0,10.0,22.0,3.29,2.03,9.19,9.49,-5.0,-3.0,1.0,2.0,0.0,0.0,297,13.4,11.7,10.0,12.7,P2,20.56
34.0,35.0,27.0,25.0,16.0,17.0,22.0,20.0,42.0,40.0,38.0,50.0,1.55,1.54,9.79,10.11,-8.0,-6.0,10.0,3.0,0.0,0.0,298,34.9,29.9,34.1,34.6,P4,42.34
45.0,30.0,4.0,1.0,26.0,12.0,1.0,0.0,44.0,26.0,12.0,2.0,1.3,1.52,10.05,11.86,-7.0,-9.0,1.0,0.0,0.0,0.0,299,42.4,30.5,6.5,6.5,P7,40.4
15.0,18.0,20.0,11.0,1.0,4.0,15.0,6.0,20.0,24.0,36.0,26.0,2.7,2.33,9.53,9.11,-7.0,-6.0,4.0,4.0,0.0,0.0,300,16.3,17.6,27.1,24.3,P3,26.17
39.0,25.0,3.0,4.0,21.0,6.0,1.0,1.0,42.0,28.0,10.0,8.0,1.47,1.4,10.02,9.29,-6.0,-13.0,1.0,1.0,0.0,0.0,301,29.0,22.0,9.0,13.5,P6,33.0
13.0,15.0,5.0,5.0,0.0,0.0,1.0,2.0,16.0,18.0,16.0,18.0,2.58,2.26,9.35,10.7,-9.0,-9.0,0.0,1.0,0.0,0.0,302,16.7,16.2,18.7,14.5,P5,20.6
19.0,11.0,8.0,4.0,3.0,0.0,3.0,0.0,24.0,6.0,20.0,12.0,2.05,1.27,9.19,10.73,-10.0,-9.0,0.0,0.0,0.0,0.0,303,22.5,21.2,16.3,14.9,P4,21.51
5.0,9.0,19.0,29.0,0.0,0.0,14.0,24.0,6.0,10.0,32.0,44.0,2.82,4.31,10.24,9.94,-3.0,-4.0,1.0,4.0,0.0,0.0,304,8.8,9.1,36.7,34.7,P3,35.01
22.0,27.0,2.0,11.0,7.0,9.0,0.0,6.0,26.0,30.0,8.0,22.0,2.35,1.51,10.16,10.52,-8.0,-10.0,0.0,5.0,0.0,0.0,305,25.6,23.4,14.1,17.3,P6,26.79
17.0,14.0,15.0,16.0,0.0,1.0,10.0,11.0,20.0,22.0,22.0,36.0,1.81,2.74,9.45,10.34,-12.0,-6.0,3.0,2.0,0.0,0.0,306,16.6,12.8,26.0,24.9,P4,26.99
18.0,29.0,5.0,6.0,0.0,11.0,1.0,3.0,6.0,24.0,14.0,14.0,1.38,1.48,10.68,10.65,-15.0,-10.0,1.0,3.0,0.0,0.0,307,26.1,20.4,13.0,17.6,P5,28.35
22.0,33.0,1.0,6.0,6.0,14.0,1.0,2.0,30.0,30.0,6.0,18.0,2.06,1.43,8.29,9.36,-6.0,-10.0,1.0,2.0,0.0,0.0,308,30.8,29.4,14.3,13.9,P7,30.97
8.0,16.0,30.0,17.0,0.0,0.0,25.0,11.0,6.0,18.0,50.0,22.0,2.28,2.14,10.78,10.17,-7.0,-11.0,6.0,0.0,0.0,0.0,309,9.4,14.7,30.2,26.3,P1,33.23
17.0,19.0,9.0,5.0,1.0,2.0,5.0,0.0,18.0,22.0,20.0,10.0,1.76,1.78,9.85,10.37,-10.0,-11.0,4.0,-2.0,0.0,0.0,310,26.0,19.3,17.6,12.9,P4,19.99
40.0,27.0,5.0,2.0,21.0,8.0,1.0,0.0,34.0,22.0,14.0,4.0,1.4,1.4,9.04,11.35,-9.0,-14.0,0.0,0.0,0.0,0.0,311,43.6,30.6,9.1,5.1,P7,39.8
28.0,27.0,8.0,17.0,10.0,9.0,2.0,12.0,30.0,30.0,24.0,38.0,1.5,1.48,9.96,9.13,-9.0,-6.0,1.0,3.0,0.0,0.0,312,24.7,22.2,21.9,23.7,P3,32.91
16.0,11.0,9.0,2.0,0.0,1.0,4.0,1.0,12.0,12.0,22.0,6.0,1.33,3.22,9.58,9.77,-11.0,-4.0,4.0,1.0,0.0,0.0,313,18.6,16.9,20.3,17.9,P4,18.81
5.0,5.0,29.0,14.0,0.0,0.0,23.0,9.0,4.0,10.0,46.0,26.0,2.49,5.08,9.45,9.99,-3.0,-1.0,2.0,0.0,0.0,0.0,314,6.5,5.4,36.5,29.4,P1,34.59
18.0,19.0,1.0,28.0,0.0,1.0,1.0,24.0,22.0,18.0,6.0,46.0,1.67,1.48,8.33,9.22,-14.0,-13.0,1.0,7.0,0.0,0.0,315,20.5,17.2,11.9,31.3,P6,31.07
43.0,39.0,3.0,5.0,25.0,21.0,1.0,1.0,50.0,36.0,8.0,10.0,1.56,1.51,9.4,9.16,-9.0,-11.0,1.0,0.0,0.0,0.0,316,42.6,33.6,9.9,5.7,P7,41.45
38.0,18.0,1.0,2.0,20.0,2.0,0.0,0.0,36.0,24.0,2.0,4.0,1.53,2.21,11.86,10.96,-6.0,-8.0,0.0,0.0,0.0,0.0,317,40.6,26.1,6.2,5.6,P7,31.12
19.0,10.0,11.0,10.0,2.0,0.0,6.0,5.0,20.0,12.0,24.0,18.0,1.88,1.63,9.84,9.26,-9.0,-7.0,1.0,2.0,0.0,0.0,318,14.7,10.6,15.8,18.4,P1,21.5
3.0,3.0,25.0,11.0,0.0,0.0,20.0,5.0,6.0,2.0,32.0,14.0,5.04,0.25,10.16,9.43,0.0,-3.0,3.0,-1.0,0.0,0.0,319,6.2,9.3,37.4,28.3,P1,29.81
41.0,27.0,3.0,3.0,23.0,9.0,0.0,1.0,40.0,34.0,12.0,10.0,1.49,1.5,10.68,9.51,-7.0,-10.0,0.0,1.0,0.0,0.0,320,37.7,26.6,10.0,7.3,P7,36.36
8.0,10.0,12.0,23.0,0.0,0.0,8.0,18.0,6.0,8.0,14.0,36.0,1.02,1.91,10.49,9.39,-5.0,-6.0,1.0,5.0,0.0,0.0,321,11.5,8.6,31.1,24.6,P1,28.44
44.0,24.0,5.0,1.0,25.0,6.0,0.0,1.0,38.0,18.0,12.0,6.0,1.39,1.55,9.82,8.33,-9.0,-10.0,0.0,1.0,0.0,0.0,322,29.7,23.5,8.4,11.5,P7,36.83
21.0,9.0,8.0,6.0,5.0,0.0,2.0,1.0,30.0,6.0,20.0,18.0,1.97,1.69,10.62,10.29,-9.0,-6.0,-1.0,1.0,0.0,0.0,323,15.7,8.2,10.9,11.6,P3,23.24
10.0,17.0,17.0,19.0,0.0,2.0,12.0,13.0,10.0,24.0,32.0,26.0,2.43,2.41,10.22,10.12,-6.0,-9.0,3.0,1.0,0.0,0.0,324,13.1,13.3,30.9,24.0,P1,29.83
29.0,27.0,6.0,3.0,11.0,8.0,2.0,1.0,28.0,36.0,12.0,8.0,1.48,1.4,8.77,8.89,-12.0,-8.0,2.0,1.0,0.0,0.0,325,30.9,22.9,10.7,11.2,P6,30.19
15.0,12.0,17.0,17.0,0.0,2.0,12.0,11.0,14.0,16.0,36.0,22.0,2.19,2.9,9.07,10.05,-10.0,-3.0,2.0,-1.0,0.0,0.0,326,13.8,12.4,32.9,21.3,P1,29.93
24.0,22.0,1.0,13.0,5.0,5.0,0.0,7.0,24.0,26.0,6.0,32.0,1.4,1.83,9.9,9.81,-9.0,-7.0,0.0,4.0,0.0,0.0,327,25.2,24.4,14.0,17.6,P5,25.24
14.0,12.0,21.0,5.0,0.0,0.0,17.0,1.0,16.0,12.0,40.0,12.0,1.87,1.44,9.56,10.11,-8.0,-8.0,7.0,1.0,0.0,0.0,328,13.2,15.1,26.0,18.4,P4,25.43
22.0,18.0,21.0,7.0,3.0,1.0,15.0,2.0,22.0,18.0,32.0,20.0,1.41,1.37,10.05,9.35,-10.0,-11.0,-1.0,-1.0,0.0,0.0,329,16.3,16.8,26.2,19.2,P4,29.56
15.0,18.0,10.0,14.0,0.0,1.0,6.0,8.0,20.0,22.0,12.0,20.0,2.54,1.77,10.58,9.59,-8.0,-9.0,0.0,1.0,0.0,0.0,330,14.0,15.7,23.3,25.9,P2,24.07
13.0,10.0,21.0,8.0,1.0,0.0,16.0,3.0,18.0,10.0,40.0,22.0,1.38,2.93,10.5,10.11,-5.0,-5.0,3.0,2.0,0.0,0.0,331,12.2,11.6,32.1,24.9,P1,27.33
13.0,6.0,31.0,13.0,0.0,0.0,26.0,7.0,20.0,4.0,34.0,28.0,2.92,1.21,10.01,9.53,-5.0,-5.0,5.0,4.0,0.0,0.0,332,11.3,8.1,30.6,21.1,P1,34.04
9.0,9.0,32.0,16.0,0.0,0.0,27.0,10.0,6.0,8.0,38.0,32.0,2.36,1.95,10.14,9.98,-7.0,-6.0,5.0,7.0,0.0,0.0,333,7.9,9.0,42.5,31.9,P1,37.56
17.0,17.0,15.0,9.0,4.0,2.0,11.0,5.0,26.0,14.0,22.0,22.0,3.31,1.41,10.59,9.68,-3.0,-9.0,1.0,5.0,0.0,0.0,334,18.0,19.9,21.5,19.6,P4,25.73
32.0,26.0,6.0,10.0,15.0,7.0,3.0,6.0,40.0,30.0,16.0,26.0,1.68,1.41,9.91,9.32,-6.0,-11.0,3.0,3.0,0.0,0.0,335,33.8,25.8,9.2,12.4,P3,31.12
5.0,13.0,14.0,25.0,0.0,1.0,8.0,20.0,2.0,14.0,34.0,40.0,1.71,2.2,9.75,10.0,-4.0,-7.0,2.0,5.0,0.0,0.0,336,5.7,8.4,36.3,34.5,P2,30.7
21.0,22.0,4.0,5.0,5.0,3.0,1.0,2.0,28.0,16.0,16.0,14.0,2.04,1.41,9.94,8.71,-6.0,-12.0,0.0,2.0,0.0,0.0,337,23.5,21.5,14.5,14.5,P7,23.27
22.0,28.0,1.0,6.0,5.0,10.0,1.0,2.0,24.0,18.0,6.0,16.0,1.74,1.55,7.26,10.16,-12.0,-13.0,1.0,2.0,0.0,0.0,338,31.3,27.7,14.4,14.1,P5,29.24
13.0,19.0,12.0,9.0,0.0,5.0,8.0,5.0,10.0,26.0,28.0,20.0,1.59,1.66,10.62,10.4,-9.0,-4.0,6.0,0.0,0.0,0.0,339,20.6,20.8,23.0,20.4,P2,25.3
7.0,3.0,31.0,10.0,0.0,0.0,26.0,4.0,6.0,6.0,36.0,26.0,1.19,10.94,10.12,10.14,-5.0,0.0,5.0,3.0,0.0,0.0,340,6.6,5.9,44.2,28.4,P1,30.9
60.0,32.0,1.0,4.0,41.0,13.0,0.0,1.0,66.0,38.0,4.0,8.0,1.41,1.4,11.24,7.31,-6.0,-10.0,0.0,1.0,0.0,0.0,341,42.1,33.7,8.4,9.0,P6,43.19
14.0,8.0,17.0,10.0,1.0,2.0,11.0,6.0,18.0,16.0,30.0,22.0,2.93,6.4,9.71,9.23,-5.0,2.0,6.0,4.0,0.0,0.0,342,12.3,9.3,30.0,25.6,P3,21.71
42.0,35.0,6.0,4.0,24.0,16.0,2.0,1.0,56.0,28.0,16.0,10.0,1.48,1.41,10.49,11.1,-7.0,-13.0,2.0,1.0,0.0,0.0,343,35.5,29.8,13.4,12.9,P7,37.76
12.0,22.0,16.0,9.0,0.0,4.0,10.0,5.0,12.0,26.0,24.0,24.0,2.43,1.53,10.05,10.1,-8.0,-11.0,2.0,4.0,0.0,0.0,344,16.6,17.4,33.2,29.5,P4,26.47
8.0,10.0,20.0,22.0,0.0,3.0,15.0,18.0,4.0,18.0,30.0,30.0,2.09,2.87,10.44,10.6,-6.0,0.0,1.0,3.0,0.0,0.0,345,10.0,12.0,32.3,29.0,P2,30.86
10.0,9.0,25.0,13.0,0.0,0.0,19.0,8.0,10.0,14.0,36.0,20.0,3.13,4.59,9.92,10.01,-5.0,-4.0,2.0,0.0,0.0,0.0,346,9.1,9.8,43.2,27.9,P1,28.71
10.0,11.0,30.0,25.0,0.0,2.0,24.0,20.0,14.0,18.0,40.0,32.0,3.22,2.81,9.93,9.4,-5.0,-1.0,0.0,4.0,0.0,0.0,347,14.7,8.6,35.4,26.6,P3,37.73
15.0,26.0,8.0,12.0,0.0,7.0,2.0,6.0,12.0,20.0,22.0,22.0,1.52,1.41,10.01,10.04,-11.0,-14.0,-2.0,0.0,0.0,0.0,348,13.8,30.4,15.3,23.2,P1,29.72
7.0,11.0,17.0,9.0,0.0,0.0,12.0,4.0,4.0,8.0,36.0,16.0,1.78,1.44,9.24,10.16,-5.0,-8.0,3.0,-1.0,0.0,0.0,349,9.0,12.3,32.7,22.4,P1,24.76
37.0,22.0,3.0,5.0,18.0,3.0,0.0,1.0,40.0,14.0,8.0,16.0,1.4,1.4,10.4,10.82,-7.0,-14.0,0.0,-1.0,0.0,0.0,350,33.1,20.5,10.9,13.0,P7,31.32
